"id_ucznia","plec","grupa","zad_b01","zad_b02","zad_b03","zad_b04","zad_b05","zad_b06","zad_b07","zad_b08","zad_b09","zad_b10","zad_p01","zad_p02","zad_p03","zad_p04","zad_p05"
1,1,0,1,1,1,1,1,1,0,1,0,0,2,2,1,0,0
2,1,1,1,1,1,1,1,1,1,1,1,0,1,1,1,0,1
3,0,0,1,0,0,1,0,1,1,1,0,0,0,2,0,0,2
4,1,1,1,1,1,1,1,1,1,1,1,1,1,0,2,2,2
5,0,1,1,1,1,0,0,1,1,0,1,0,1,2,1,1,1
6,1,0,1,0,1,1,1,0,1,1,1,1,2,NA,2,2,2
7,1,1,1,0,1,0,0,0,1,0,0,0,0,1,0,0,1
8,1,1,1,1,1,NA,1,0,1,1,1,0,2,2,1,1,2
9,1,1,1,1,1,1,1,1,1,1,0,0,1,2,0,1,1
10,0,1,1,0,0,0,1,1,0,0,1,0,1,0,0,2,1
11,0,1,1,1,1,1,1,0,1,1,0,1,2,0,2,NA,2
12,1,0,1,1,0,1,1,0,1,1,0,0,0,2,0,0,1
13,1,1,1,0,1,1,1,0,1,1,1,1,1,0,2,1,2
14,0,1,1,1,1,1,1,1,1,1,0,1,2,2,1,2,2
15,0,0,1,1,1,1,0,1,0,0,1,0,0,0,0,0,0
16,1,0,1,0,0,1,1,1,1,1,1,0,0,2,0,0,1
17,0,0,1,1,1,1,1,1,1,0,1,1,2,1,2,2,2
18,0,1,1,1,1,1,1,1,1,1,NA,1,2,2,2,NA,2
19,0,0,0,1,1,1,0,1,1,1,0,0,1,2,0,1,1
20,0,1,1,1,0,1,1,0,0,1,1,1,1,1,2,0,2
21,1,1,0,1,0,1,1,0,0,0,1,1,0,1,0,0,1
22,1,0,1,1,1,1,1,0,0,1,0,0,0,2,0,0,1
23,1,1,1,1,1,1,1,0,1,1,0,0,1,0,NA,0,NA
24,0,0,1,1,1,1,1,1,1,1,1,0,2,0,2,1,1
25,1,0,1,1,1,1,1,1,1,1,1,1,2,2,2,1,2
26,0,1,1,0,1,1,1,1,1,1,0,1,1,2,1,0,1
27,0,1,1,1,1,1,1,1,1,1,1,1,2,2,2,1,2
28,1,1,1,1,0,1,0,0,0,1,1,1,0,0,NA,0,0
29,0,1,1,1,1,1,1,1,0,1,1,1,1,0,2,NA,0
30,1,1,1,1,1,0,1,1,0,1,0,0,1,0,1,1,2
31,0,0,1,1,1,1,1,1,1,1,0,1,1,1,2,0,2
32,1,1,1,1,1,1,1,0,1,1,1,0,1,0,1,1,0
33,0,0,1,1,1,1,1,1,0,0,0,1,1,0,1,1,1
34,0,0,1,1,0,0,0,0,0,0,0,0,0,0,1,0,0
35,1,0,1,1,1,1,1,1,1,1,1,NA,1,2,1,NA,2
36,0,0,0,0,0,0,0,0,0,0,0,0,0,0,0,0,0
37,0,0,1,1,0,1,1,1,1,1,1,1,2,2,2,2,2
38,0,1,1,0,0,1,1,0,1,1,1,0,2,2,1,0,2
39,0,0,1,1,1,1,1,1,1,1,1,1,2,2,2,2,2
40,0,1,1,1,1,1,1,0,1,1,1,1,2,2,2,1,2
41,1,0,1,1,1,1,1,1,1,1,1,1,0,1,2,0,2
42,0,1,1,1,1,1,1,1,1,1,1,1,1,2,2,2,2
43,0,1,1,1,1,1,1,1,1,1,0,1,NA,2,2,0,2
44,0,0,1,1,1,1,1,1,1,0,1,0,1,1,1,1,2
45,1,0,1,1,1,1,1,1,1,1,0,1,0,2,2,1,2
46,1,1,1,1,1,1,1,0,1,1,1,1,0,2,0,0,1
47,0,1,1,1,1,1,0,1,1,0,1,1,1,0,0,0,2
48,0,1,1,1,1,1,1,0,1,1,0,1,1,1,2,0,1
49,0,0,1,0,0,0,0,0,0,0,1,0,0,0,0,0,0
50,1,0,1,1,1,1,1,1,0,0,0,1,0,1,1,2,1
51,0,0,1,1,1,1,1,1,1,1,1,1,2,NA,2,2,2
52,1,1,1,1,1,1,1,1,1,1,1,0,1,2,0,0,1
53,0,1,1,1,1,NA,0,1,0,0,0,NA,1,0,0,0,1
54,1,0,1,1,1,1,1,0,1,1,1,1,1,1,1,0,2
55,1,0,1,0,1,0,0,1,0,0,0,0,0,2,0,0,0
56,1,0,1,1,1,1,1,1,1,1,1,1,1,2,2,0,1
57,1,1,1,0,NA,0,0,0,0,0,0,0,0,0,NA,NA,NA
58,0,1,1,1,1,NA,NA,0,0,0,0,1,1,1,0,1,2
59,1,1,1,1,1,1,1,1,1,1,1,1,1,1,2,0,0
60,0,1,1,1,1,1,1,0,0,1,1,1,0,1,0,1,1
61,1,0,1,1,1,1,1,0,1,0,1,0,1,1,2,0,1
62,1,1,1,1,1,1,1,1,1,1,1,1,1,1,0,1,2
63,1,0,0,0,1,0,1,0,0,0,0,0,0,1,0,0,0
64,1,1,1,1,1,1,1,1,1,1,1,1,2,2,2,0,2
65,1,1,1,1,1,1,1,1,1,1,1,1,NA,2,1,1,2
66,1,0,1,1,0,1,0,0,0,0,1,0,0,0,0,1,1
67,1,0,1,1,1,1,0,1,1,0,0,1,1,1,1,1,1
68,0,1,1,0,1,0,1,1,0,0,0,0,0,0,0,NA,0
69,1,1,1,NA,1,1,1,1,0,1,1,1,1,2,1,2,1
70,1,1,1,1,1,1,1,NA,1,1,1,1,2,2,1,1,1
71,0,0,1,1,1,1,1,1,0,NA,1,0,0,1,1,0,1
72,1,0,1,1,1,1,1,1,1,1,1,1,2,1,1,0,2
73,1,0,1,1,0,1,1,1,0,1,1,NA,1,0,1,0,0
74,0,1,1,0,1,0,1,0,1,1,0,1,0,1,1,0,2
75,0,0,1,1,1,1,1,1,1,1,0,NA,2,2,2,1,0
76,1,0,0,1,1,1,1,0,1,1,0,0,0,2,2,0,1
77,0,0,1,NA,1,1,1,1,0,0,0,0,0,2,1,1,1
78,0,0,1,1,1,1,1,0,1,1,1,1,2,2,2,1,1
79,0,0,1,1,1,NA,1,0,1,1,1,1,1,1,0,0,1
80,1,0,1,1,1,1,1,1,1,1,1,1,1,2,0,1,2
81,0,0,1,1,1,1,1,1,1,0,1,0,2,2,2,0,1
82,1,0,1,NA,1,1,0,1,0,0,1,0,1,2,1,1,2
83,1,0,1,1,1,1,1,1,1,0,0,1,1,2,2,1,0
84,0,1,1,1,1,1,1,1,0,1,1,1,1,2,NA,2,2
85,0,1,1,1,1,1,1,0,0,1,0,0,0,NA,0,2,1
86,1,1,1,1,0,0,1,0,0,0,1,1,NA,1,1,0,0
87,1,1,1,1,1,1,1,0,1,1,1,1,0,1,2,0,1
88,0,1,1,1,1,1,1,1,1,1,1,0,2,2,1,2,2
89,1,1,1,NA,1,1,1,0,1,1,1,0,2,2,1,1,2
90,0,1,1,1,1,1,NA,1,1,1,1,0,2,2,1,0,1
91,1,1,1,1,1,1,1,1,1,1,1,0,1,2,1,2,2
92,1,0,1,0,0,NA,1,0,0,0,0,1,0,1,1,1,1
93,1,1,0,0,0,0,1,0,0,1,0,0,0,1,0,1,0
94,0,1,1,1,1,1,1,0,1,1,0,0,1,1,0,1,1
95,0,0,1,1,1,1,1,1,1,1,1,1,1,2,1,1,2
96,0,0,1,1,1,0,0,1,1,0,0,1,0,1,0,0,1
97,1,0,1,1,1,1,1,1,1,1,NA,1,1,0,2,0,2
98,1,1,1,1,1,1,1,1,1,1,1,1,2,1,2,1,1
99,0,0,1,1,1,1,1,0,0,1,0,0,2,2,1,1,1
100,1,1,1,1,1,1,1,1,1,1,0,0,1,1,0,1,2
101,1,0,1,1,1,1,1,NA,1,1,1,1,1,1,1,0,2
102,1,1,1,1,1,NA,1,NA,1,1,1,0,1,0,2,2,2
103,1,1,1,1,1,1,1,1,1,1,0,1,1,0,2,0,2
104,1,0,0,1,1,0,0,0,1,1,0,0,0,1,2,0,0
105,1,1,1,1,1,1,1,1,0,1,1,1,0,1,2,1,1
106,1,1,1,0,1,1,1,1,1,1,1,0,2,1,0,2,0
107,1,1,1,1,1,1,1,1,1,1,0,0,NA,2,2,0,1
108,1,0,1,1,1,1,1,0,1,1,1,1,1,0,2,2,1
109,0,0,1,1,1,1,1,1,1,1,NA,1,2,2,2,2,1
110,1,0,0,1,1,0,1,0,1,1,1,0,0,0,1,0,1
111,0,1,1,1,1,1,1,1,0,1,1,0,1,1,2,1,2
112,1,0,1,1,1,1,1,1,1,1,1,1,0,0,NA,1,2
113,1,0,1,1,1,1,1,1,1,1,1,1,1,2,2,1,2
114,1,0,1,1,0,0,1,0,1,0,0,0,0,0,1,0,0
115,0,1,1,1,1,1,0,1,1,0,1,1,1,2,1,0,1
116,1,0,1,1,1,1,1,1,1,1,1,1,1,2,1,1,1
117,0,1,1,1,0,1,1,1,1,1,1,1,0,2,1,0,1
118,0,1,1,1,1,1,1,1,0,1,1,1,1,0,1,2,2
119,1,0,1,0,NA,1,1,1,1,1,1,1,0,2,1,1,1
120,1,1,1,1,1,1,1,0,1,1,1,0,2,NA,1,1,2
121,0,1,1,1,0,NA,1,1,0,1,1,0,1,2,2,1,2
122,1,0,1,0,1,1,1,0,0,1,0,0,0,0,0,0,2
123,1,0,1,1,1,1,1,1,1,1,1,0,1,NA,1,1,2
124,0,0,1,1,1,1,1,0,1,1,1,0,1,2,1,0,1
125,1,0,1,1,1,1,1,0,0,0,0,0,1,0,0,0,1
126,1,0,1,1,1,1,1,1,1,1,1,1,1,2,2,1,1
127,0,0,0,1,0,1,1,1,0,1,1,0,1,1,1,0,0
128,0,1,1,1,NA,1,0,1,1,1,1,1,1,0,1,1,0
129,1,1,1,1,NA,1,1,1,1,1,0,NA,1,2,0,0,2
130,0,0,NA,1,1,1,0,1,0,1,1,1,1,0,1,0,0
131,1,1,0,0,0,0,0,0,0,0,0,0,0,0,1,0,1
132,1,0,1,1,1,1,1,1,1,1,1,0,2,2,1,1,0
133,1,0,1,NA,1,1,1,1,1,1,0,1,2,2,2,1,2
134,1,1,1,1,1,1,1,1,0,1,1,1,1,0,2,0,2
135,1,1,1,1,1,1,1,1,0,1,1,NA,0,1,1,1,1
136,1,0,NA,1,0,1,0,0,1,0,0,0,1,1,0,1,1
137,0,1,1,0,1,NA,1,1,1,1,1,1,2,2,1,0,1
138,0,0,1,0,1,0,0,0,0,0,1,0,0,0,1,0,2
139,0,0,1,1,1,1,0,1,0,1,1,1,2,1,0,0,1
140,0,0,1,1,1,1,1,1,0,0,0,0,1,2,1,0,1
141,0,0,1,1,1,1,1,1,0,0,1,0,1,1,1,1,1
142,0,1,1,1,1,1,1,1,0,1,0,NA,2,2,2,0,1
143,1,0,1,0,1,1,1,0,1,0,0,1,1,2,0,0,2
144,1,1,1,0,1,1,0,1,1,1,0,1,1,NA,0,0,1
145,0,0,NA,0,0,1,0,0,1,1,0,0,0,0,1,0,1
146,0,1,1,0,1,1,1,0,1,1,1,1,1,0,1,0,2
147,1,0,1,1,0,1,1,1,0,0,0,1,0,2,2,1,1
148,0,0,1,1,1,1,1,1,1,1,0,1,2,1,2,1,1
149,0,1,1,1,1,1,1,1,1,1,1,0,0,2,NA,0,1
150,1,1,1,1,1,1,1,0,1,1,1,0,2,2,2,1,2
151,0,1,1,1,1,1,1,1,1,1,0,1,2,2,2,0,1
152,0,1,1,1,1,1,1,1,1,1,0,1,1,1,2,1,1
153,0,1,1,1,1,1,1,1,1,1,1,1,2,1,2,2,2
154,1,0,1,0,0,1,1,0,0,1,1,0,0,1,1,0,1
155,0,1,1,0,0,1,1,0,1,NA,0,0,NA,2,0,0,1
156,0,1,1,1,1,1,1,0,1,0,1,1,2,2,2,2,2
157,1,1,1,1,0,0,1,1,0,1,1,1,0,2,1,1,2
158,1,0,0,1,1,0,1,1,0,NA,1,1,0,1,0,0,0
159,1,0,1,1,1,0,1,0,0,0,1,0,0,2,2,0,2
160,0,1,1,NA,1,0,0,0,1,NA,0,0,NA,0,1,1,0
161,1,0,1,1,1,1,1,0,1,1,1,1,1,1,2,2,2
162,0,1,1,1,1,1,1,1,1,1,0,1,2,1,2,2,1
163,1,0,0,1,1,0,0,0,0,0,0,0,0,0,0,0,0
164,0,0,1,0,1,0,0,1,0,0,0,1,1,0,1,0,0
165,1,1,1,1,1,1,0,0,0,0,0,0,0,0,0,0,0
166,0,0,1,1,1,1,1,1,1,1,1,0,1,2,NA,0,2
167,0,1,NA,1,1,1,NA,1,1,1,1,1,2,2,2,2,2
168,1,1,1,1,1,1,1,1,1,1,1,0,0,2,2,0,1
169,1,1,1,1,0,1,1,1,0,0,0,0,1,2,2,1,0
170,1,1,1,1,1,1,1,1,1,1,1,1,1,1,0,0,1
171,1,1,1,1,1,1,NA,1,1,1,1,1,2,1,2,2,2
172,0,1,1,1,1,1,1,1,1,1,1,1,2,1,2,2,2
173,1,0,1,1,1,1,1,1,1,1,1,1,1,2,2,2,2
174,0,1,1,1,1,1,1,1,1,1,1,1,1,2,1,2,1
175,1,0,1,1,1,1,1,0,0,0,0,0,1,2,0,0,1
176,1,0,1,0,1,1,1,1,0,1,1,0,1,2,1,0,2
177,0,1,1,0,1,1,1,1,1,1,1,1,2,2,1,1,2
178,1,0,1,1,0,1,1,1,1,1,0,0,0,2,1,0,0
179,1,0,1,1,1,1,1,NA,0,1,1,1,0,2,2,0,2
180,1,1,1,1,1,1,1,1,1,1,1,1,2,2,2,0,0
181,0,1,1,1,0,1,1,1,1,1,0,0,1,0,2,0,0
182,1,0,1,1,1,1,1,1,1,1,1,1,2,1,1,1,1
183,1,0,0,0,NA,0,0,0,0,0,0,0,0,0,0,0,0
184,0,0,1,1,1,1,1,1,1,1,1,0,1,1,1,1,2
185,0,0,1,0,1,1,1,1,0,0,0,1,1,0,0,0,0
186,1,1,1,0,NA,0,1,1,1,0,0,1,1,2,1,0,2
187,0,0,1,1,1,1,1,1,0,0,1,0,NA,0,1,0,1
188,1,0,1,1,1,NA,0,0,0,0,1,0,2,0,0,1,1
189,1,0,1,1,1,1,1,1,1,1,0,NA,1,1,1,1,2
190,1,0,1,1,1,1,1,1,0,1,1,0,0,2,2,0,NA
191,1,1,1,1,1,1,1,1,1,NA,1,0,0,1,1,2,1
192,0,0,1,NA,1,1,1,1,1,1,1,1,2,2,2,0,2
193,1,1,1,1,1,1,1,1,NA,1,1,1,2,2,1,0,2
194,0,0,1,1,0,1,1,0,1,1,0,0,1,2,0,0,1
195,0,1,1,1,1,1,1,1,1,1,1,0,2,1,2,0,2
196,1,1,1,1,1,1,1,0,1,0,1,1,1,2,2,2,1
197,0,1,1,0,1,0,0,1,0,0,0,1,NA,1,1,0,0
198,1,0,1,1,1,1,1,1,1,0,0,0,0,0,0,1,1
199,1,1,1,1,NA,1,1,1,1,0,0,NA,1,1,1,0,2
200,1,1,1,1,1,1,1,1,1,1,NA,0,2,2,2,2,1
