"item","typ","a","b1","b2","dif"
"zad_b01","binarny",1.869,-2,NA,0.8
"zad_b02","binarny",0.939,-1.789,NA,0
"zad_b03","binarny",1.142,-1.579,NA,0
"zad_b04","binarny",1.766,-1.368,NA,0
"zad_b05","binarny",1.755,-1.158,NA,0
"zad_b06","binarny",0.734,-0.947,NA,0
"zad_b07","binarny",1.341,-0.737,NA,0
"zad_b08","binarny",1.639,-0.526,NA,0
"zad_b09","binarny",1.093,-0.316,NA,0
"zad_b10","binarny",0.847,-0.105,NA,0
"zad_p01","0/1/2",1.512,-0.814,0.384,0.6
"zad_p02","0/1/2",0.627,-0.745,-0.32,0
"zad_p03","0/1/2",1.178,-0.698,0.374,0
"zad_p04","0/1/2",0.913,0.075,1.738,0
"zad_p05","0/1/2",1.029,-1.364,0.202,0
